,corp_name
0,3S
1,AJ네트웍스
2,AK홀딩스
3,APS홀딩스
4,AP시스템
5,AP위성
6,BGF
7,BGF리테일
8,BNK금융지주
9,BYC
10,BYC우
11,CJ
12,CJ CGV
13,CJ ENM
14,CJ4우(전환)
15,CJ대한통운
16,CJ씨푸드
17,CJ씨푸드1우
18,CJ우
19,CJ제일제당
20,CJ제일제당 우
21,CJ프레시웨이
22,CMG제약
23,CNH
24,COWON
25,CS
26,CSA 코스믹
27,CS홀딩스
28,DB
29,DB금융스팩8호
30,DB금융스팩9호
31,DB금융투자
32,DB손해보험
33,DB하이텍
34,DB하이텍1우
35,DGB금융지주
36,DI동일
37,DL
38,DL건설
39,DL우
40,DL이앤씨
41,DL이앤씨우
42,DMS
43,DRB동일
44,DSC인베스트먼트
45,DSR
46,DSR제강
47,E1
48,EDGC
49,EG
50,EMB
51,EMW
52,ESR켄달스퀘어리츠
53,ES큐브
54,F&F
55,GH신소재
56,GKL
57,GRT
58,GS
59,GST
60,GS건설
61,GS글로벌
62,GS리테일
63,GS우
64,GS홈쇼핑
65,GV
66,HB테크놀러지
67,HDC
68,HDC아이콘트롤스
69,HDC현대EP
70,HDC현대산업개발
71,HMM
72,HRS
73,HSD엔진
74,IBKS제12호스팩
75,IBKS제13호스팩
76,IBKS제14호스팩
77,IBKS제15호스팩
78,IHQ
79,ISC
80,ITX-AI
81,JB금융지주
82,JTC
83,JW생명과학
84,JW신약
85,JW중외제약
86,JW중외제약2우B
87,JW중외제약우
88,JW홀딩스
89,JYP Ent.
90,KBI메탈
91,KB금융
92,KB오토시스
93,KCC
94,KCC건설
95,KCI
96,KCTC
97,KC그린홀딩스
98,KC산업
99,KC코트렐
100,KD
101,KEC
102,KG ETS
103,KG동부제철
104,KG동부제철우
105,KG모빌리언스
106,KG이니시스
107,KG케미칼
108,KH E&T
109,KH 일렉트론
110,KH 필룩스
111,KH바텍
112,KISCO홀딩스
113,KMH
114,KMH하이텍
115,KNN
116,KPX생명과학
117,KPX케미칼
118,KPX홀딩스
119,KR모터스
120,KSS해운
121,KT
122,KT&G
123,KTB투자증권
124,KTH
125,KTcs
126,KTis
127,KT서브마린
128,LF
129,LG
130,LG디스플레이
131,LG상사
132,LG생활건강
133,LG생활건강우
134,LG우
135,LG유플러스
136,LG이노텍
137,LG전자
138,LG전자우
139,LG하우시스
140,LG하우시스우
141,LG헬로비전
142,LG화학
143,LG화학우
144,LIG넥스원
145,LS
146,LS ELECTRIC
147,LS네트웍스
148,LS전선아시아
149,MH에탄올
150,MP그룹
151,NAVER
152,NEW
153,NE능률
154,NHN
155,NHN벅스
156,NHN한국사이버결제
157,NH투자증권
158,NH투자증권우
159,NH프라임리츠
160,NICE
161,NICE평가정보
162,NI스틸
163,NPC
164,NPC우
165,OCI
166,OQP
167,PI첨단소재
168,PN풍년
169,POSCO
170,RFHIC
171,RF머트리얼즈
172,S&K폴리텍
173,S-Oil
174,S-Oil우
175,SBI인베스트먼트
176,SBI핀테크솔루션즈
177,SBS
178,SBS미디어홀딩스
179,SBS콘텐츠허브
180,SCI평가정보
181,SDN
182,SFA반도체
183,SG
184,SG&G
185,SGA
186,SGA솔루션즈
187,SGA클라우드서비스
188,SGC에너지
189,SGC이테크건설
190,SG글로벌
191,SG세계물산
192,SH에너지화학
193,SIMPAC
194,SJM
195,SJM홀딩스
196,SK
197,SK4호스팩
198,SK5호스팩
199,SK6호스팩
200,SKC
201,SK가스
202,SK네트웍스
203,SK네트웍스우
204,SK디스커버리
205,SK디스커버리우
206,SK디앤디
207,SK렌터카
208,SK머티리얼즈
209,SK바이오사이언스
210,SK바이오팜
211,SK우
212,SK이노베이션
213,SK이노베이션우
214,SK증권
215,SK증권우
216,SK케미칼
217,SK케미칼우
218,SK텔레콤
219,SK하이닉스
220,SM C&C
221,SM Life Design
222,SNK
223,SNT모티브
224,SNT에너지
225,SNT중공업
226,SNT홀딩스
227,SPC삼립
228,STX
229,STX엔진
230,STX중공업
231,SUN&L
232,SV인베스트먼트
233,TBH글로벌
234,TCC스틸
235,THE E&M
236,THE MIDONG
237,THQ
238,TJ미디어
239,TPC
240,TS인베스트먼트
241,TS트릴리온
242,TYM
243,UCI
244,WI
245,WISCOM
246,YBM넷
247,YG PLUS
248,YTN
249,YW
250,iMBC
251,가비아
252,가온미디어
253,가온전선
254,감성코퍼레이션
255,강남제비스코
256,강스템바이오텍
257,강원
258,강원랜드
259,갤럭시아머니트리
260,갤럭시아에스엠
261,게임빌
262,경남스틸
263,경남제약
264,경남제약헬스케어
265,경농
266,경동나비엔
267,경동도시가스
268,경동인베스트
269,경동제약
270,경방
271,경보제약
272,경인양행
273,경인전자
274,경창산업
275,계룡건설
276,계양전기
277,계양전기우
278,고려산업
279,고려시멘트
280,고려신용정보
281,고려아연
282,고려제강
283,고려제약
284,고바이오랩
285,고영
286,골드앤에스
287,골드퍼시픽
288,골든센츄리
289,골프존
290,골프존뉴딘홀딩스
291,골프존데카
292,관악산업
293,광동제약
294,광림
295,광명전기
296,광전자
297,광주신세계
298,광진실업
299,광진윈텍
300,교보10호스팩
301,교보9호스팩
302,교보증권
303,교촌에프앤비
304,구영테크
305,국도화학
306,국동
307,국보
308,국보디자인
309,국순당
310,국영지앤엠
311,국일신동
312,국일제지
313,국전약품
314,국제약품
315,굿센
316,그리티
317,그린케미칼
318,그린플러스
319,극동유화
320,글로벌에스엠
321,글로벌텍스프리
322,글로본
323,금강공업
324,금강공업우
325,금강철강
326,금비
327,금양
328,금호건설
329,금호건설우
330,금호석유
331,금호석유우
332,금호에이치티
333,금호전기
334,금호타이어
335,금화피에스시
336,기가레인
337,기산텔레콤
338,기신정기
339,기아
340,기업은행
341,까뮤이앤씨
342,까스텔바작
343,깨끗한나라
344,깨끗한나라우
345,나노
346,나노브릭
347,나노스
348,나노신소재
349,나노씨엠에스
350,나노엔텍
351,나노캠텍
352,나눔테크
353,나라소프트
354,나라엠앤디
355,나무가
356,나무기술
357,나스미디어
358,나우IB
359,나우코스
360,나이벡
361,나이스디앤비
362,나이스정보통신
363,나인테크
364,남광토건
365,남선알미늄
366,남선알미우
367,남성
368,남양유업
369,남양유업우
370,남해화학
371,남화산업
372,남화토건
373,내츄럴엔도텍
374,네오리진
375,네오셈
376,네오오토
377,네오위즈
378,네오위즈홀딩스
379,네오이뮨텍(Reg.S)
380,네오크레마
381,네오티스
382,네오팜
383,네오펙트
384,네온테크
385,네이블
386,네이처셀
387,네추럴FNP
388,네패스
389,네패스아크
390,넥센
391,넥센우
392,넥센타이어
393,넥센타이어1우B
394,넥스턴바이오
395,넥스트BT
396,넥스트사이언스
397,넥스트아이
398,넥스틴
399,넥슨지티
400,넵튠
401,넷게임즈
402,넷마블
403,노드메이슨
404,노랑풍선
405,노루페인트
406,노루페인트우
407,노루홀딩스
408,노루홀딩스우
409,노바렉스
410,노바텍
411,노브메타파마
412,노터스
413,녹십자
414,녹십자랩셀
415,녹십자셀
416,녹십자엠에스
417,녹십자웰빙
418,녹십자홀딩스
419,녹십자홀딩스2우
420,녹원씨엔아이
421,농심
422,농심홀딩스
423,농우바이오
424,누리플랜
425,누리플렉스
426,뉴로스
427,뉴보텍
428,뉴인텍
429,뉴지랩파마
430,뉴트리
431,뉴파워프라즈마
432,뉴프라이드
433,뉴프렉스
434,다나와
435,다날
436,다믈멀티미디어
437,다산네트웍스
438,다스코
439,다우기술
440,다우데이타
441,다원넥스뷰
442,다원시스
443,다이노나
444,다이오진
445,단디바이오
446,대교
447,대교우B
448,대구백화점
449,대덕
450,대덕1우
451,대덕전자
452,대덕전자1우
453,대동
454,대동고려삼
455,대동금속
456,대동기어
457,대동스틸
458,대동전자
459,대륙제관
460,대림B&Co
461,대림제지
462,대림통상
463,대명소노시즌
464,대모
465,대보마그네틱
466,대봉엘에스
467,대상
468,대상우
469,대상홀딩스
470,대상홀딩스우
471,대성미생물
472,대성산업
473,대성에너지
474,대성엘텍
475,대성창투
476,대성파인텍
477,대성홀딩스
478,대신밸런스제7호스팩
479,대신밸런스제8호스팩
480,대신밸런스제9호스팩
481,대신정보통신
482,대신증권
483,대신증권2우B
484,대신증권우
485,대아티아이
486,대양금속
487,대양전기공업
488,대양제지
489,대영포장
490,대우건설
491,대우부품
492,대우조선해양
493,대웅
494,대웅제약
495,대원
496,대원강업
497,대원미디어
498,대원산업
499,대원전선
500,대원전선우
501,대원제약
502,대원화성
503,대유
504,대유에이텍
505,대유에이피
506,대유플러스
507,대정화금
508,대주산업
509,대주이엔티
510,대주전자재료
511,대창
512,대창단조
513,대창솔루션
514,대창스틸
515,대한과학
516,대한광통신
517,대한그린파워
518,대한뉴팜
519,대한방직
520,대한약품
521,대한유화
522,대한전선
523,대한제강
524,대한제당
525,대한제당우
526,대한제분
527,대한항공
528,대한항공우
529,대한해운
530,대한화섬
531,대현
532,대호에이엘
533,대호특수강
534,대호특수강우
535,대화제약
536,더네이쳐홀딩스
537,더블유게임즈
538,더블유에스아이
539,더존비즈온
540,더콘텐츠온
541,덕산네오룩스
542,덕산테코피아
543,덕산하이메탈
544,덕성
545,덕성우
546,덕신하우징
547,덕양산업
548,덕우전자
549,데브시스터즈
550,데이드림엔터
551,데이타솔루션
552,데이터스트림즈
553,덱스터
554,덴티스
555,덴티움
556,도부마스크
557,도이치모터스
558,도화엔지니어링
559,동구바이오제약
560,동국S&C
561,동국산업
562,동국알앤에스
563,동국제강
564,동국제약
565,동남합성
566,동방
567,동방선기
568,동방아그로
569,동부건설
570,동부건설우
571,동서
572,동성제약
573,동성케미컬
574,동성화인텍
575,동신건설
576,동아쏘시오홀딩스
577,동아에스티
578,동아엘텍
579,동아지질
580,동아타이어
581,동아화성
582,동양
583,동양2우B
584,동양3우B
585,동양고속
586,동양생명
587,동양에스텍
588,동양우
589,동양이엔피
590,동양철관
591,동양파일
592,동양피스톤
593,동우팜투테이블
594,동운아나텍
595,동원F&B
596,동원개발
597,동원금속
598,동원산업
599,동원수산
600,동원시스템즈
601,동원시스템즈우
602,동일고무벨트
603,동일금속
604,동일기연
605,동일산업
606,동일제강
607,동일철강
608,동진쎄미켐
609,동화기업
610,동화약품
611,두산
612,두산2우B
613,두산밥캣
614,두산우
615,두산인프라코어
616,두산중공업
617,두산퓨얼셀
618,두산퓨얼셀1우
619,두산퓨얼셀2우B
620,두올
621,듀오백
622,듀켐바이오
623,드래곤플라이
624,드림시큐리티
625,드림씨아이에스
626,드림어스컴퍼니
627,드림텍
628,디딤
629,디바이스이엔지
630,디스플레이텍
631,디씨엠
632,디아이
633,디아이씨
634,디아이티
635,디알젬
636,디알텍
637,디앤씨미디어
638,디에스케이
639,디에스티
640,디에이치피코리아
641,디에이테크놀로지
642,디에이피
643,디엔에이링크
644,디엔에프
645,디엠티
646,디오
647,디와이
648,디와이파워
649,디와이피엔에프
650,디이엔티
651,디자인
652,디젠스
653,디지아이
654,디지캡
655,디지탈옵틱
656,디지털대성
657,디지틀조선
658,디케이락
659,디케이앤디
660,디케이티
661,디티알오토모티브
662,디티앤씨
663,디피씨
664,디피코
665,딜리
666,라닉스
667,라온시큐어
668,라온테크
669,라온피플
670,라이온켐텍
671,라이트론
672,라이프사이언스테크놀로지
673,라이프시맨틱스
674,라파스
675,락앤락
676,래몽래인
677,램테크놀러지
678,랩지노믹스
679,러셀
680,럭스피아
681,럭슬
682,레고켐바이오
683,레드로버
684,레드캡투어
685,레몬
686,레이
687,레이언스
688,레이크머티리얼즈
689,레인보우로보틱스
690,렌딩머신
691,로보로보
692,로보스타
693,로보쓰리
694,로보티즈
695,로스웰
696,로지시스
697,로체시스템즈
698,롯데관광개발
699,롯데리츠
700,롯데손해보험
701,롯데쇼핑
702,롯데정밀화학
703,롯데정보통신
704,롯데제과
705,롯데지주
706,롯데지주우
707,롯데칠성
708,롯데칠성우
709,롯데케미칼
710,롯데푸드
711,롯데하이마트
712,루멘스
713,루켄테크놀러지스
714,루트락
715,루트로닉
716,루트로닉3우C
717,룽투코리아
718,리노공업
719,리노스
720,리더스 기술투자
721,리더스코스메틱
722,리드코프
723,리메드
724,릭스솔루션
725,린드먼아시아
726,링네트
727,링크제니시스
728,마니커
729,마니커에프앤지
730,마이더스AI
731,마이크로디지탈
732,마이크로컨텍솔
733,마이크로프랜드
734,마크로젠
735,만도
736,만호제강
737,맘스터치
738,매일유업
739,매일홀딩스
740,매직마이크로
741,매커스
742,맥스로텍
743,맥쿼리인프라
744,맵스리얼티1
745,머큐리
746,멀티캠퍼스
747,메가스터디
748,메가스터디교육
749,메가엠디
750,메드팩토
751,메디쎄이
752,메디아나
753,메디안디노스틱
754,메디앙스
755,메디젠휴먼케어
756,메디콕스
757,메디톡스
758,메디포스트
759,메디프론
760,메리츠금융지주
761,메리츠증권
762,메리츠화재
763,메이슨캐피탈
764,메지온
765,메카로
766,메타랩스
767,메타바이오메드
768,멕아이씨에스
769,멜파스
770,명문제약
771,명성티엔에스
772,명신산업
773,명진홀딩스
774,모나리자
775,모나미
776,모다이노칩
777,모두투어
778,모두투어리츠
779,모바일리더
780,모바일어플라이언스
781,모베이스
782,모베이스전자
783,모비릭스
784,모비스
785,모아텍
786,모토닉
787,모트렉스
788,모헨즈
789,무림P&P
790,무림SP
791,무림페이퍼
792,무진메디
793,무학
794,문배철강
795,미디어젠
796,미래나노텍
797,미래산업
798,미래생명자원
799,미래아이앤지
800,미래에셋대우스팩 5호
801,미래에셋대우스팩3호
802,미래에셋대우스팩4호
803,미래에셋맵스리츠
804,미래에셋벤처투자
805,미래에셋생명
806,미래에셋증권
807,미래에셋증권2우B
808,미래에셋증권우
809,미래엔에듀파트너
810,미래컴퍼니
811,미래테크놀로지
812,미스터블루
813,미애부
814,미원상사
815,미원에스씨
816,미원홀딩스
817,미원화학
818,미창석유
819,미코
820,미코바이오메드
821,미투온
822,미투젠
823,민앤지
824,바다로19호
825,바디텍메드
826,바른손
827,바른손이앤에이
828,바른전자
829,바이넥스
830,바이브컴퍼니
831,바이오니아
832,바이오다인
833,바이오로그디바이스
834,바이오리더스
835,바이오솔루션
836,바이오스마트
837,바이오시네틱스
838,바이오인프라생명과학
839,바이오톡스텍
840,바이오프로테크
841,바이온
842,바이옵트로
843,바텍
844,박셀바이오
845,방림
846,배럴
847,백광산업
848,백금T&A
849,백산
850,버킷스튜디오
851,범양건영
852,베노홀딩스
853,베뉴지
854,베셀
855,베스파
856,베트남개발1
857,벽산
858,보광산업
859,보라티알
860,보락
861,보령제약
862,보성파워텍
863,보해양조
864,본느
865,볼빅
866,부광약품
867,부국증권
868,부국증권우
869,부국철강
870,부방
871,부산가스
872,부산산업
873,부산주공
874,부스타
875,뷰노
876,뷰웍스
877,브랜드엑스코퍼레이션
878,브리지텍
879,브릿지바이오테라퓨틱스
880,브이원텍
881,브이티지엠피
882,블러썸엠앤씨
883,블루베리 NFT
884,블루콤
885,블루탑
886,비나텍
887,비덴트
888,비디아이
889,비보존 헬스케어
890,비비씨
891,비비안
892,비상교육
893,비씨월드제약
894,비아트론
895,비에이치
896,비에이치아이
897,비엔디생활건강
898,비엠티
899,비올
900,비즈니스온
901,비츠로셀
902,비츠로시스
903,비츠로테크
904,비케이탑스
905,비트컴퓨터
906,비플라이소프트
907,비피도
908,빅솔론
909,빅텍
910,빅텐츠
911,빙그레
912,빛샘전자
913,뿌리깊은나무들
914,사람인에이치알
915,사조대림
916,사조동아원
917,사조산업
918,사조씨푸드
919,사조오양
920,삼강엠앤티
921,삼기
922,삼륭물산
923,삼목에스폼
924,삼보모터스
925,삼보산업
926,삼보판지
927,삼부토건
928,삼성SDI
929,삼성SDI우
930,삼성공조
931,삼성물산
932,삼성물산우B
933,삼성바이오로직스
934,삼성생명
935,삼성스팩2호
936,삼성에스디에스
937,삼성엔지니어링
938,삼성전기
939,삼성전기우
940,삼성전자
941,삼성전자우
942,삼성제약
943,삼성중공업
944,삼성중공우
945,삼성증권
946,삼성출판사
947,삼성카드
948,삼성화재
949,삼성화재우
950,삼아알미늄
951,삼아제약
952,삼양사
953,삼양사우
954,삼양식품
955,삼양옵틱스
956,삼양통상
957,삼양패키징
958,삼양홀딩스
959,삼양홀딩스우
960,삼영무역
961,삼영엠텍
962,삼영이엔씨
963,삼영전자
964,삼영화학
965,삼원강재
966,삼익THK
967,삼익악기
968,삼일
969,삼일기업공사
970,삼일씨엔에스
971,삼일제약
972,삼정펄프
973,삼지전자
974,삼진
975,삼진엘앤디
976,삼진제약
977,삼천당제약
978,삼천리
979,삼천리자전거
980,삼표시멘트
981,삼현철강
982,삼호개발
983,삼화네트웍스
984,삼화왕관
985,삼화전기
986,삼화전자
987,삼화콘덴서
988,삼화페인트
989,상보
990,상상인
991,상상인이안1호스팩
992,상상인이안제2호스팩
993,상상인인더스트리
994,상상인증권
995,상신브레이크
996,상신이디피
997,상신전자
998,상아프론테크
999,상지카일룸
1000,새로닉스
1001,새론오토모티브
1002,샘코
1003,샘표
1004,샘표식품
1005,서남
1006,서린바이오
1007,서부T&D
1008,서산
1009,서암기계공업
1010,서연
1011,서연이화
1012,서연탑메탈
1013,서울가스
1014,서울리거
1015,서울바이오시스
1016,서울반도체
1017,서울식품
1018,서울식품우
1019,서울옥션
1020,서울전자통신
1021,서울제약
1022,서원
1023,서원인텍
1024,서전기전
1025,서진시스템
1026,서진오토모티브
1027,서플러스글로벌
1028,서한
1029,서호전기
1030,서흥
1031,서희건설
1032,석경에이티
1033,선광
1034,선데이토즈
1035,선도전기
1036,선바이오
1037,선익시스템
1038,선진
1039,선진뷰티사이언스
1040,성광벤드
1041,성도이엔지
1042,성문전자
1043,성문전자우
1044,성보화학
1045,성신양회
1046,성신양회우
1047,성안
1048,성우전자
1049,성우테크론
1050,성우하이텍
1051,성창기업지주
1052,성창오토텍
1053,성호전자
1054,세경하이테크
1055,세기상사
1056,세동
1057,세명전기
1058,세방
1059,세방우
1060,세방전지
1061,세보엠이씨
1062,세아베스틸
1063,세아제강
1064,세아제강지주
1065,세아특수강
1066,세아홀딩스
1067,세우글로벌
1068,세운메디칼
1069,세원
1070,세원물산
1071,세원이앤씨
1072,세원정공
1073,세이브존I&C
1074,세종공업
1075,세종메디칼
1076,세종텔레콤
1077,세중
1078,세진중공업
1079,세진티에스
1080,세코닉스
1081,세틀뱅크
1082,세하
1083,세화아이엠씨
1084,세화피앤씨
1085,센코
1086,센트랄모텍
1087,센트럴바이오
1088,센트럴인사이트
1089,셀레믹스
1090,셀루메드
1091,셀리드
1092,셀리버리
1093,셀바스AI
1094,셀바스헬스케어
1095,셀젠텍
1096,셀트리온
1097,셀트리온제약
1098,셀트리온헬스케어
1099,소룩스
1100,소리바다
1101,소마젠(Reg.S)
1102,소프트센
1103,소프트센우
1104,소프트캠프
1105,손오공
1106,솔고바이오
1107,솔루스첨단소재
1108,솔루스첨단소재1우
1109,솔루스첨단소재2우B
1110,솔루에타
1111,솔루엠
1112,솔본
1113,솔브레인
1114,솔브레인홀딩스
1115,솔트룩스
1116,송원산업
1117,쇼박스
1118,수산아이앤티
1119,수산중공업
1120,수성이노베이션
1121,수젠텍
1122,수프로
1123,슈펙스비앤피
1124,슈프리마
1125,슈프리마아이디
1126,슈프리마에이치큐
1127,슈피겐코리아
1128,스맥
1129,스카이라이프
1130,스카이문스테크놀로지
1131,스카이이앤엠
1132,스킨앤스킨
1133,스타모빌리티
1134,스타플렉스
1135,스템랩
1136,스튜디오드래곤
1137,스튜디오산타클로스
1138,스페코
1139,스포츠서울
1140,승일
1141,시공테크
1142,시그네틱스
1143,시그넷이브이
1144,시너지이노베이션
1145,시노펙스
1146,시디즈
1147,시스웍
1148,시큐브
1149,시큐센
1150,시티랩스
1151,신대양제지
1152,신도기연
1153,신도리코
1154,신라교역
1155,신라섬유
1156,신라에스지
1157,신라젠
1158,신성델타테크
1159,신성이엔지
1160,신성통상
1161,신세계
1162,신세계 I&C
1163,신세계건설
1164,신세계인터내셔날
1165,신세계푸드
1166,신송홀딩스
1167,신신제약
1168,신영스팩5호
1169,신영스팩6호
1170,신영와코루
1171,신영증권
1172,신영증권우
1173,신원
1174,신원우
1175,신원종합개발
1176,신일전자
1177,신일제약
1178,신진에스엠
1179,신테카바이오
1180,신풍제약
1181,신풍제약우
1182,신풍제지
1183,신한알파리츠
1184,신한제6호스팩
1185,신한제7호스팩
1186,신한지주
1187,신화실업
1188,신화인터텍
1189,신화콘텍
1190,신흥
1191,신흥에스이씨
1192,실리콘웍스
1193,심텍
1194,심텍홀딩스
1195,싸이맥스
1196,싸이버원
1197,싸이토젠
1198,쌍방울
1199,쌍용C&E
1200,쌍용정보통신
1201,쌍용차
1202,써니전자
1203,썬테크
1204,썸에이지
1205,쎄노텍
1206,쎄니트
1207,쎄미시스코
1208,쎄트렉아이
1209,쎌마테라퓨틱스
1210,쎌바이오텍
1211,쏠리드
1212,씨씨에스
1213,씨아이에스
1214,씨아이테크
1215,씨알푸드
1216,씨앗
1217,씨앤에스링크
1218,씨앤지하이테크
1219,씨앤투스성진
1220,씨앤티85
1221,씨에스베어링
1222,씨에스윈드
1223,씨엔티드림
1224,씨엔플러스
1225,씨엠에스에듀
1226,씨유메디칼
1227,씨이랩
1228,씨젠
1229,씨케이에이치
1230,씨큐브
1231,씨티씨바이오
1232,씨티케이코스메틱스
1233,아가방컴퍼니
1234,아나패스
1235,아난티
1236,아남전자
1237,아래스
1238,아리온
1239,아모그린텍
1240,아모레G
1241,아모레G3우(전환)
1242,아모레G우
1243,아모레퍼시픽
1244,아모레퍼시픽우
1245,아모텍
1246,아미노로직스
1247,아미코젠
1248,아바코
1249,아바텍
1250,아비코전자
1251,아세아
1252,아세아시멘트
1253,아세아제지
1254,아세아텍
1255,아센디오
1256,아스타
1257,아스트
1258,아시아경제
1259,아시아나IDT
1260,아시아나항공
1261,아시아종묘
1262,아우딘퓨쳐스
1263,아이디스
1264,아이디스홀딩스
1265,아이디피
1266,아이마켓코리아
1267,아이비김영
1268,아이센스
1269,아이스크림에듀
1270,아이쓰리시스템
1271,아이씨디
1272,아이씨케이
1273,아이앤씨
1274,아이에스동서
1275,아이에스이커머스
1276,아이에이
1277,아이엘사이언스
1278,아이엠
1279,아이엠텍
1280,아이오케이
1281,아이원스
1282,아이즈비전
1283,아이진
1284,아이컴포넌트
1285,아이케이세미콘
1286,아이퀘스트
1287,아이큐어
1288,아이크래프트
1289,아이텍
1290,아이톡시
1291,아이티센
1292,아이티엠반도체
1293,아이피몬스터
1294,아주IB투자
1295,아즈텍WB
1296,아진산업
1297,아진엑스텍
1298,아톤
1299,아퓨어스
1300,아프리카TV
1301,안국약품
1302,안랩
1303,안지오랩
1304,안트로젠
1305,알로이스
1306,알루코
1307,알리코제약
1308,알서포트
1309,알에스오토메이션
1310,알에프세미
1311,알에프텍
1312,알엔투테크놀로지
1313,알체라
1314,알테오젠
1315,알톤스포츠
1316,알티캐스트
1317,알파홀딩스
1318,압타머사이언스
1319,압타바이오
1320,앙츠
1321,애경산업
1322,애경유화
1323,애니젠
1324,애니플러스
1325,애드바이오텍
1326,액션스퀘어
1327,액토즈소프트
1328,액트
1329,액트로
1330,앤디포스
1331,앤씨앤
1332,앱코
1333,앱클론
1334,야스
1335,양지사
1336,어보브반도체
1337,얼라인드
1338,엄지하우스
1339,에너토크
1340,에넥스
1341,에브리봇
1342,에스넷
1343,에스디생명공학
1344,에스디시스템
1345,에스맥
1346,에스씨디
1347,에스씨엠생명과학
1348,에스아이리소스
1349,에스알바이오텍
1350,에스앤더블류
1351,에스앤디
1352,에스앤씨엔진그룹
1353,에스앤에스텍
1354,에스에너지
1355,에스에스알
1356,에스에이엠티
1357,에스에이티
1358,에스에이티이엔지
1359,에스에프에이
1360,에스엔유
1361,에스엔피제네틱스
1362,에스엘
1363,에스엘바이오닉스
1364,에스엘에스바이오
1365,에스엠
1366,에스엠비나
1367,에스엠코어
1368,에스와이
1369,에스원
1370,에스제이그룹
1371,에스제이케이
1372,에스제이켐
1373,에스케이씨에스
1374,에스코넥
1375,에스텍
1376,에스텍파마
1377,에스트래픽
1378,에스티아이
1379,에스티오
1380,에스티큐브
1381,에스티팜
1382,에스폴리텍
1383,에스퓨얼셀
1384,에스피시스템스
1385,에스피지
1386,에쎈테크
1387,에쓰씨엔지니어링
1388,에어부산
1389,에이디칩스
1390,에이디테크놀로지
1391,에이루트
1392,에이리츠
1393,에이블씨엔씨
1394,에이비엘바이오
1395,에이비온
1396,에이비프로바이오
1397,에이스침대
1398,에이스캠퍼
1399,에이스테크
1400,에이스토리
1401,에이씨티
1402,에이아이비트
1403,에이에프더블류
1404,에이엔피
1405,에이원알폼
1406,에이치시티
1407,에이치엔에스하이텍
1408,에이치엔티
1409,에이치엘비
1410,에이치엘비생명과학
1411,에이치엘비제약
1412,에이치엘비파워
1413,에이치엘사이언스
1414,에이치엠씨제4호스팩
1415,에이치엠씨제5호스팩
1416,에이치케이
1417,에이테크솔루션
1418,에이텍
1419,에이텍티앤
1420,에이트원
1421,에이티넘인베스트
1422,에이티세미콘
1423,에이팩트
1424,에이팸
1425,에이펙스인텍
1426,에이프로
1427,에이프로젠 H&G
1428,에이프로젠 KIC
1429,에이프로젠제약
1430,에이플러스에셋
1431,에이피티씨
1432,에치에프알
1433,에코마이스터
1434,에코마케팅
1435,에코바이오
1436,에코캡
1437,에코프로
1438,에코프로비엠
1439,에코플라스틱
1440,에프알텍
1441,에프앤가이드
1442,에프앤리퍼블릭
1443,에프에스티
1444,에프엔씨엔터
1445,에프엔에스테크
1446,엑사이엔씨
1447,엑세스바이오
1448,엑셈
1449,엑스큐어
1450,엑시콘
1451,엔바이오니아
1452,엔브이에이치코리아
1453,엔비티
1454,엔솔바이오사이언스
1455,엔시스
1456,엔시트론
1457,엔씨소프트
1458,엔에스
1459,엔에스쇼핑
1460,엔에스엔
1461,엔에스엠
1462,엔에스컴퍼니
1463,엔에이치스팩13호
1464,엔에이치스팩16호
1465,엔에이치스팩17호
1466,엔에이치스팩18호
1467,엔에프씨
1468,엔젠바이오
1469,엔지브이아이
1470,엔지스테크널러지
1471,엔지켐생명과학
1472,엔케이
1473,엔케이맥스
1474,엔케이물산
1475,엔텔스
1476,엔투텍
1477,엔피디
1478,엔피케이
1479,엘디티
1480,엘리비젼
1481,엘브이엠씨홀딩스
1482,엘비세미콘
1483,엘아이에스
1484,엘앤씨바이오
1485,엘앤에프
1486,엘앤케이바이오
1487,엘에이티
1488,엘엠에스
1489,엘오티베큠
1490,엘이티
1491,엘컴텍
1492,엘티씨
1493,엠게임
1494,엠로
1495,엠벤처투자
1496,엠브레인
1497,엠씨넥스
1498,엠아이텍
1499,엠앤씨생명과학
1500,엠에스씨
1501,엠에스오토텍
1502,엠에프엠코리아
1503,엠젠플러스
1504,엠케이전자
1505,엠투아이
1506,엠투엔
1507,엠플러스
1508,연우
1509,연이비앤티
1510,영림원소프트랩
1511,영보화학
1512,영신금속
1513,영우디에스피
1514,영원무역
1515,영원무역홀딩스
1516,영진약품
1517,영풍
1518,영풍정밀
1519,영풍제지
1520,영화금속
1521,영화테크
1522,영흥
1523,예림당
1524,예선테크
1525,예스24
1526,예스코홀딩스
1527,예스티
1528,오가닉티코스메틱
1529,오공
1530,오디텍
1531,오뚜기
1532,오로라
1533,오로스테크놀로지
1534,오르비텍
1535,오리엔탈정공
1536,오리엔트바이오
1537,오리엔트정공
1538,오리온
1539,오리온홀딩스
1540,오리콤
1541,오상자이엘
1542,오성첨단소재
1543,오션브릿지
1544,오션스톤
1545,오스코텍
1546,오스테오닉
1547,오스템
1548,오스템임플란트
1549,오이솔루션
1550,오킨스전자
1551,오텍
1552,오파스넷
1553,오픈베이스
1554,오하임아이엔티
1555,올리패스
1556,올릭스
1557,옴니시스템
1558,옵트론텍
1559,옵티시스
1560,옵티팜
1561,와이더플래닛
1562,와이솔
1563,와이아이케이
1564,와이어블
1565,와이엔텍
1566,와이엠씨
1567,와이엠티
1568,와이오엠
1569,와이제이엠게임즈
1570,와이즈버즈
1571,와이지-원
1572,와이지엔터테인먼트
1573,와이팜
1574,와토스코리아
1575,용평리조트
1576,우노앤컴퍼니
1577,우리금융지주
1578,우리금융캐피탈
1579,우리기술
1580,우리기술투자
1581,우리넷
1582,우리들휴브레인
1583,우리로
1584,우리바이오
1585,우리산업
1586,우리산업홀딩스
1587,우리손에프앤지
1588,우리이앤엘
1589,우리조명
1590,우리종금
1591,우림기계
1592,우성사료
1593,우수AMS
1594,우신시스템
1595,우양
1596,우원개발
1597,우정바이오
1598,우주일렉트로
1599,우진
1600,우진비앤지
1601,우진아이엔에스
1602,우진플라임
1603,웅진
1604,웅진씽크빅
1605,원림
1606,원바이오젠
1607,원방테크
1608,원익
1609,원익IPS
1610,원익QnC
1611,원익머트리얼즈
1612,원익큐브
1613,원익피앤이
1614,원익홀딩스
1615,원일특강
1616,원텍
1617,원포유
1618,원풍
1619,원풍물산
1620,월덱스
1621,웨이브일렉트로
1622,웰바이오텍
1623,웰크론
1624,웰크론한텍
1625,웹스
1626,웹젠
1627,웹케시
1628,위니아딤채
1629,위닉스
1630,위더스제약
1631,위드텍
1632,위메이드
1633,위메이드맥스
1634,위세아이텍
1635,위월드
1636,위즈코프
1637,위지윅스튜디오
1638,위지트
1639,윈스
1640,윈텍
1641,윈팩
1642,윈하이텍
1643,윌링스
1644,윌비스
1645,윙입푸드
1646,유나이티드제약
1647,유니드
1648,유니셈
1649,유니슨
1650,유니온
1651,유니온머티리얼
1652,유니온커뮤니티
1653,유니켐
1654,유니퀘스트
1655,유니크
1656,유니테스트
1657,유니테크노
1658,유니트론텍
1659,유니포인트
1660,유라테크
1661,유바이오로직스
1662,유비벨록스
1663,유비온
1664,유비케어
1665,유비쿼스
1666,유비쿼스홀딩스
1667,유성기업
1668,유성티엔에스
1669,유수홀딩스
1670,유신
1671,유아이디
1672,유아이엘
1673,유안타제4호스팩
1674,유안타제5호스팩
1675,유안타제6호스팩
1676,유안타제7호스팩
1677,유안타제8호스팩
1678,유안타증권
1679,유안타증권우
1680,유앤아이
1681,유양디앤유
1682,유에스티
1683,유엑스엔
1684,유엔젤
1685,유유제약
1686,유유제약1우
1687,유유제약2우B
1688,유일에너테크
1689,유진기업
1690,유진로봇
1691,유진스팩4호
1692,유진스팩5호
1693,유진스팩6호
1694,유진테크
1695,유진투자증권
1696,유테크
1697,유투바이오
1698,유티아이
1699,유틸렉스
1700,유한양행
1701,유한양행우
1702,유화증권
1703,유화증권우
1704,육일씨엔에쓰
1705,율촌화학
1706,율호
1707,이건산업
1708,이건홀딩스
1709,이구산업
1710,이그잭스
1711,이글루시큐리티
1712,이글벳
1713,이노메트리
1714,이노벡스
1715,이노션
1716,이노와이어리스
1717,이노와이즈
1718,이노인스트루먼트
1719,이노진
1720,이노테라피
1721,이녹스
1722,이녹스첨단소재
1723,이니텍
1724,이더블유케이
1725,이도바이오
1726,이디티
1727,이라이콤
1728,이랜시스
1729,이랜텍
1730,이루다
1731,이루온
1732,이리츠코크렙
1733,이마트
1734,이미지스
1735,이베스트스팩5호
1736,이베스트이안스팩1호
1737,이베스트투자증권
1738,이비테크
1739,이삭엔지니어링
1740,이상네트웍스
1741,이수앱지스
1742,이수페타시스
1743,이수화학
1744,이스타코
1745,이스트소프트
1746,이스트아시아홀딩스
1747,이십일스토어
1748,이씨에스
1749,이아이디
1750,이앤에치
1751,이에스에이
1752,이엔드디
1753,이엔에프테크놀로지
1754,이엔코퍼레이션
1755,이엔플러스
1756,이엘피
1757,이엠네트웍스
1758,이엠넷
1759,이엠앤아이
1760,이엠코리아
1761,이엠텍
1762,이엠티
1763,이연제약
1764,이오테크닉스
1765,이오플로우
1766,이원컴포텍
1767,이월드
1768,이즈미디어
1769,이지바이오
1770,이지스레지던스리츠
1771,이지스밸류리츠
1772,이지케어텍
1773,이지홀딩스
1774,이큐셀
1775,이크레더블
1776,이트론
1777,이퓨쳐
1778,이화공영
1779,이화산업
1780,이화전기
1781,인디에프
1782,인바디
1783,인바이오
1784,인바이오젠
1785,인바이츠바이오코아
1786,인베니아
1787,인산가
1788,인선이엔티
1789,인성정보
1790,인스코비
1791,인지디스플레
1792,인지컨트롤스
1793,인천도시가스
1794,인카금융서비스
1795,인콘
1796,인크로스
1797,인탑스
1798,인터로조
1799,인터엠
1800,인터지스
1801,인터코스
1802,인터파크
1803,인터플렉스
1804,인텍플러스
1805,인텔리안테크
1806,인트로메딕
1807,인트론바이오
1808,인팩
1809,인포마크
1810,인포바인
1811,인포뱅크
1812,인피니트헬스케어
1813,인피니티엔티
1814,인화정공
1815,일동제약
1816,일동홀딩스
1817,일성건설
1818,일성신약
1819,일신바이오
1820,일신방직
1821,일신석재
1822,일야
1823,일양약품
1824,일양약품우
1825,일정실업
1826,일지테크
1827,일진다이아
1828,일진디스플
1829,일진머티리얼즈
1830,일진전기
1831,일진파워
1832,일진홀딩스
1833,잇츠한불
1834,잉글우드랩
1835,잉크테크
1836,자비스
1837,자안바이오
1838,자안코스메틱
1839,자연과환경
1840,자이글
1841,자이언트스텝
1842,자이에스앤디
1843,자화전자
1844,장원테크
1845,재영솔루텍
1846,전방
1847,전우정밀
1848,전진바이오팜
1849,정다운
1850,정산애강
1851,정상제이엘에스
1852,정원엔시스
1853,제낙스
1854,제너셈
1855,제넥신
1856,제넨바이오
1857,제노레이
1858,제노코
1859,제노텍
1860,제노포커스
1861,제놀루션
1862,제닉
1863,제로투세븐
1864,제룡산업
1865,제룡전기
1866,제우스
1867,제이브이엠
1868,제이스텍
1869,제이시스메디칼
1870,제이씨케미칼
1871,제이씨현시스템
1872,제이알글로벌리츠
1873,제이앤티씨
1874,제이에스코퍼레이션
1875,제이에스티나
1876,제이엔케이히터
1877,제이엘케이
1878,제이엠아이
1879,제이엠티
1880,제이웨이
1881,제이준코스메틱
1882,제이콘텐트리
1883,제이티
1884,제일기획
1885,제일바이오
1886,제일약품
1887,제일연마
1888,제일전기공업
1889,제일제강
1890,제일테크노스
1891,제일파마홀딩스
1892,제주반도체
1893,제주은행
1894,제주항공
1895,제테마
1896,젠큐릭스
1897,젬백스
1898,젬백스링크
1899,젬백스지오
1900,조광ILI
1901,조광페인트
1902,조광피혁
1903,조비
1904,조선내화
1905,조선선재
1906,조아제약
1907,조이시티
1908,조일알미늄
1909,조흥
1910,종근당
1911,종근당바이오
1912,종근당홀딩스
1913,좋은사람들
1914,주성엔지니어링
1915,주연테크
1916,줌인터넷
1917,중앙백신
1918,중앙에너비스
1919,지노믹트리
1920,지놈앤컴퍼니
1921,지누스
1922,지니뮤직
1923,지니언스
1924,지니틱스
1925,지더블유바이텍
1926,지란지교시큐리티
1927,지스마트글로벌
1928,지앤이헬스케어
1929,지어소프트
1930,지에스이
1931,지엔씨에너지
1932,지엔원에너지
1933,지엔코
1934,지엘팜텍
1935,지엠비코리아
1936,지역난방공사
1937,지오씨
1938,지유온
1939,지코
1940,지투알
1941,지트리비앤티
1942,지티지웰니스
1943,진도
1944,진로발효
1945,진매트릭스
1946,진바이오텍
1947,진성티이씨
1948,진양산업
1949,진양제약
1950,진양폴리
1951,진양홀딩스
1952,진양화학
1953,진에어
1954,진원생명과학
1955,진코스텍
1956,진흥기업
1957,진흥기업2우B
1958,진흥기업우B
1959,질경이
1960,차바이오텍
1961,참엔지니어링
1962,참좋은여행
1963,창해에탄올
1964,천랩
1965,천보
1966,천일고속
1967,청광건설
1968,청담러닝
1969,청보산업
1970,체리부로
1971,체시스
1972,초록뱀미디어
1973,초록뱀컴퍼니
1974,칩스앤미디어
1975,카스
1976,카이노스메드
1977,카카오
1978,카카오게임즈
1979,카페24
1980,카프로
1981,캐리소프트
1982,캐스텍코리아
1983,캔서롭
1984,캠시스
1985,컨버즈
1986,컬러레이
1987,컴투스
1988,컴퍼니케이
1989,케어랩스
1990,케어룸의료산업
1991,케어젠
1992,케이디켐
1993,케이맥
1994,케이비17호스팩
1995,케이비아이동국실업
1996,케이비제18호스팩
1997,케이비제19호스팩
1998,케이비제20호스팩
1999,케이사인
2000,케이씨
2001,케이씨씨글라스
2002,케이씨에스
2003,케이씨텍
2004,케이씨티
2005,케이씨피드
2006,케이아이엔엑스
2007,케이에스피
2008,케이엔더블유
2009,케이엔제이
2010,케이엘넷
2011,케이엠
2012,케이엠더블유
2013,케이엠제약
2014,케이탑리츠
2015,케이프
2016,케이프이에스제4호
2017,케이피에스
2018,케이피에프
2019,케이피엠테크
2020,케이피티유
2021,켄코아에어로스페이스
2022,켐온
2023,켐트로닉스
2024,켐트로스
2025,코나아이
2026,코너스톤네트웍스
2027,코다코
2028,코데즈컴바인
2029,코드네이처
2030,코디
2031,코디엠
2032,코람코에너지리츠
2033,코렌
2034,코렌텍
2035,코리아나
2036,코리아센터
2037,코리아써우
2038,코리아써키트
2039,코리아써키트2우B
2040,코리아에셋투자증권
2041,코리아에스이
2042,코리아에프티
2043,코리안리
2044,코맥스
2045,코메론
2046,코미코
2047,코미팜
2048,코세스
2049,코센
2050,코셋
2051,코스나인
2052,코스맥스
2053,코스맥스비티아이
2054,코스맥스엔비티
2055,코스메카코리아
2056,코스모신소재
2057,코스모화학
2058,코스온
2059,코아스
2060,코아스템
2061,코아시아
2062,코아시아옵틱스
2063,코엔텍
2064,코오롱
2065,코오롱글로벌
2066,코오롱글로벌우
2067,코오롱머티리얼
2068,코오롱생명과학
2069,코오롱우
2070,코오롱인더
2071,코오롱인더우
2072,코오롱티슈진
2073,코오롱플라스틱
2074,코웨이
2075,코웰패션
2076,코위버
2077,코윈테크
2078,코이즈
2079,코콤
2080,코텍
2081,코퍼스코리아
2082,코프라
2083,콜마비앤에이치
2084,콤텍시스템
2085,쿠콘
2086,쿠쿠홀딩스
2087,쿠쿠홈시스
2088,퀀타매트릭스
2089,큐렉소
2090,큐로
2091,큐로컴
2092,큐로홀딩스
2093,큐리언트
2094,큐브앤컴퍼니
2095,큐브엔터
2096,큐에스아이
2097,큐엠씨
2098,큐캐피탈
2099,크라운제과
2100,크라운제과우
2101,크라운해태홀딩스
2102,크라운해태홀딩스우
2103,크로넥스
2104,크로바하이텍
2105,크루셜텍
2106,크리스에프앤씨
2107,크리스탈신소재
2108,크리스탈지노믹스
2109,크린앤사이언스
2110,클라우드에어
2111,클래시스
2112,클리노믹스
2113,클리오
2114,키네마스터
2115,키다리스튜디오
2116,키움제5호스팩
2117,키움증권
2118,키이스트
2119,타이거일렉
2120,탑선
2121,탑엔지니어링
2122,태경비케이
2123,태경산업
2124,태경케미컬
2125,태광
2126,태광산업
2127,태림포장
2128,태양
2129,태양금속
2130,태양금속우
2131,태양기계
2132,태영건설
2133,태영건설우
2134,태웅
2135,태웅로직스
2136,태원물산
2137,태평양물산
2138,테고사이언스
2139,테라사이언스
2140,테라셈
2141,테라젠이텍스
2142,테스
2143,테스나
2144,테이팩스
2145,테크엔
2146,테크윙
2147,테크트랜스
2148,텔레칩스
2149,텔레필드
2150,텔코웨어
2151,텔콘RF제약
2152,토니모리
2153,토박스코리아
2154,토비스
2155,토탈소프트
2156,톱텍
2157,투비소프트
2158,툴젠
2159,트루윈
2160,특수건설
2161,티라유텍
2162,티로보틱스
2163,티비씨
2164,티사이언티픽
2165,티씨케이
2166,티앤알바이오팹
2167,티앤엘
2168,티에스아이
2169,티에스이
2170,티에이치엔
2171,티엘비
2172,티엘아이
2173,티와이홀딩스
2174,티와이홀딩스우
2175,티움바이오
2176,티웨이항공
2177,티웨이홀딩스
2178,티케이케미칼
2179,티티씨디펜스
2180,티플랙스
2181,티피씨글로벌
2182,틸론
2183,팅크웨어
2184,파나진
2185,파라다이스
2186,파라텍
2187,파루
2188,파마리서치
2189,파마리서치바이오
2190,파멥신
2191,파미셀
2192,파버나인
2193,파세코
2194,파수
2195,파워넷
2196,파워로직스
2197,파워풀엑스
2198,파이오링크
2199,파인디앤씨
2200,파인디지털
2201,파인테크닉스
2202,파인텍
2203,파커스
2204,파크시스템스
2205,파트론
2206,팍스넷
2207,판도라티비
2208,판타지오
2209,팜스빌
2210,팜스코
2211,팜스토리
2212,팜젠사이언스
2213,패션플랫폼
2214,팬스타엔터프라이즈
2215,팬엔터테인먼트
2216,팬오션
2217,팬젠
2218,퍼스텍
2219,퍼시스
2220,펄어비스
2221,펌텍코리아
2222,페이퍼코리아
2223,펨토바이오메드
2224,펩트론
2225,평화산업
2226,평화홀딩스
2227,포메탈
2228,포스코 ICT
2229,포스코강판
2230,포스코엠텍
2231,포스코인터내셔널
2232,포스코케미칼
2233,포시에스
2234,포인트모바일
2235,포인트엔지니어링
2236,포티스
2237,폭스소프트
2238,폴라리스오피스
2239,폴라리스웍스
2240,폴루스바이오팜
2241,푸드나무
2242,푸드웰
2243,푸른기술
2244,푸른저축은행
2245,풀무원
2246,풍강
2247,풍국주정
2248,풍산
2249,풍산홀딩스
2250,퓨전
2251,퓨쳐스트림네트웍스
2252,퓨쳐켐
2253,프럼파스트
2254,프레스티지바이오로직스
2255,프레스티지바이오파마
2256,프로스테믹스
2257,프로테옴텍
2258,프로텍
2259,프리시젼바이오
2260,프리엠스
2261,플랜티넷
2262,플럼라인생명과학
2263,플레이디
2264,플레이위드
2265,플리토
2266,피노텍
2267,피델릭스
2268,피씨디렉트
2269,피씨엘
2270,피앤씨테크
2271,피에스엠씨
2272,피에스케이
2273,피에스케이홀딩스
2274,피에스텍
2275,피에이치씨
2276,피에이치에이
2277,피엔아이컴퍼니
2278,피엔에이치테크
2279,피엔케이피부임상연구센타
2280,피엔티
2281,피제이메탈
2282,피제이전자
2283,피플바이오
2284,피피아이
2285,픽셀플러스
2286,필옵틱스
2287,핌스
2288,핑거
2289,하나금융14호스팩
2290,하나금융15호스팩
2291,하나금융16호스팩
2292,하나금융17호스팩
2293,하나금융지주
2294,하나기술
2295,하나마이크론
2296,하나머스트7호스팩
2297,하나머스트제6호스팩
2298,하나머티리얼즈
2299,하나제약
2300,하나투어
2301,하림
2302,하림지주
2303,하이골드12호
2304,하이골드3호
2305,하이로닉
2306,하이록코리아
2307,하이브
2308,하이비젼시스템
2309,하이소닉
2310,하이스틸
2311,하이제5호스팩
2312,하이즈항공
2313,하이텍팜
2314,하이트론
2315,하이트진로
2316,하이트진로2우B
2317,하이트진로홀딩스
2318,하이트진로홀딩스우
2319,하츠
2320,한국9호스팩
2321,한국ANKOR유전
2322,한국가구
2323,한국가스공사
2324,한국경제TV
2325,한국공항
2326,한국금융지주
2327,한국금융지주우
2328,한국기업평가
2329,한국내화
2330,한국단자
2331,한국맥널티
2332,한국미라클피플사
2333,한국바이오젠
2334,한국비엔씨
2335,한국석유
2336,한국선재
2337,한국수출포장
2338,한국쉘석유
2339,한국알콜
2340,한국앤컴퍼니
2341,한국유니온제약
2342,한국자산신탁
2343,한국전력
2344,한국전자금융
2345,한국전자인증
2346,한국전자홀딩스
2347,한국정밀기계
2348,한국정보공학
2349,한국정보인증
2350,한국정보통신
2351,한국제8호스팩
2352,한국조선해양
2353,한국종합기술
2354,한국주강
2355,한국주철관
2356,한국철강
2357,한국카본
2358,한국캐피탈
2359,한국컴퓨터
2360,한국코퍼레이션
2361,한국콜마
2362,한국콜마홀딩스
2363,한국큐빅
2364,한국타이어앤테크놀로지
2365,한국테크놀로지
2366,한국토지신탁
2367,한국특강
2368,한국파마
2369,한국패러랠
2370,한국팩키지
2371,한국프랜지
2372,한국항공우주
2373,한국화장품
2374,한국화장품제조
2375,한글과컴퓨터
2376,한네트
2377,한농화성
2378,한독
2379,한독크린텍
2380,한라
2381,한라IMS
2382,한라홀딩스
2383,한미글로벌
2384,한미반도체
2385,한미사이언스
2386,한미약품
2387,한빛소프트
2388,한샘
2389,한섬
2390,한성기업
2391,한세실업
2392,한세엠케이
2393,한세예스24홀딩스
2394,한솔PNS
2395,한솔로지스틱스
2396,한솔인티큐브
2397,한솔제지
2398,한솔케미칼
2399,한솔테크닉스
2400,한솔홀딩스
2401,한솔홈데코
2402,한송네오텍
2403,한스바이오메드
2404,한신공영
2405,한신기계
2406,한양디지텍
2407,한양이엔지
2408,한양증권
2409,한양증권우
2410,한온시스템
2411,한올바이오파마
2412,한익스프레스
2413,한일네트웍스
2414,한일단조
2415,한일사료
2416,한일시멘트
2417,한일진공
2418,한일철강
2419,한일현대시멘트
2420,한일홀딩스
2421,한일화학
2422,한전KPS
2423,한전기술
2424,한전산업
2425,한중엔시에스
2426,한진
2427,한진중공업
2428,한진중공업홀딩스
2429,한진칼
2430,한진칼우
2431,한창
2432,한창산업
2433,한창제지
2434,한컴MDS
2435,한컴위드
2436,한탑
2437,한프
2438,한화
2439,한화3우B
2440,한화생명
2441,한화손해보험
2442,한화솔루션
2443,한화솔루션우
2444,한화시스템
2445,한화에스비아이스팩
2446,한화에어로스페이스
2447,한화우
2448,한화투자증권
2449,한화투자증권우
2450,한화플러스제1호스팩
2451,해성디에스
2452,해성산업
2453,해성옵틱스
2454,해성티피씨
2455,해태제과식품
2456,핸디소프트
2457,핸즈코퍼레이션
2458,행남사
2459,헝셩그룹
2460,헬릭스미스
2461,현대건설
2462,현대건설기계
2463,현대건설우
2464,현대공업
2465,현대그린푸드
2466,현대글로비스
2467,현대로템
2468,현대리바트
2469,현대모비스
2470,현대무벡스
2471,현대미포조선
2472,현대바이오
2473,현대바이오랜드
2474,현대백화점
2475,현대비앤지스틸
2476,현대비앤지스틸우
2477,현대사료
2478,현대약품
2479,현대에너지솔루션
2480,현대에버다임
2481,현대에이치티
2482,현대엘리베이
2483,현대오토에버
2484,현대위아
2485,현대이지웰
2486,현대일렉트릭
2487,현대제철
2488,현대중공업지주
2489,현대차
2490,현대차2우B
2491,현대차3우B
2492,현대차우
2493,현대차증권
2494,현대코퍼레이션
2495,현대코퍼레이션홀딩스
2496,현대퓨처넷
2497,현대해상
2498,현대홈쇼핑
2499,현우산업
2500,현진소재
2501,형지I&C
2502,형지엘리트
2503,혜인
2504,호전실업
2505,호텔신라
2506,호텔신라우
2507,홈센타홀딩스
2508,홈캐스트
2509,화성밸브
2510,화성산업
2511,화승알앤에이
2512,화승엔터프라이즈
2513,화승인더
2514,화승코퍼레이션
2515,화신
2516,화신정공
2517,화인베스틸
2518,화일약품
2519,화천기계
2520,화천기공
2521,환인제약
2522,황금에스티
2523,효성
2524,효성ITX
2525,효성오앤비
2526,효성중공업
2527,효성첨단소재
2528,효성티앤씨
2529,효성화학
2530,후성
2531,휘닉스소재
2532,휠라홀딩스
2533,휴네시온
2534,휴니드
2535,휴럼
2536,휴림로봇
2537,휴마시스
2538,휴맥스
2539,휴맥스홀딩스
2540,휴먼엔
2541,휴메딕스
2542,휴벡셀
2543,휴비스
2544,휴비츠
2545,휴스틸
2546,휴온스
2547,휴온스글로벌
2548,휴젤
2549,휴켐스
2550,흥구석유
2551,흥국
2552,흥국에프엔비
2553,흥국화재
2554,흥국화재2우B
2555,흥국화재우
2556,흥아해운
2557,희림
2558,힘스
